{
    "utterances": [
        {
            "text": "assistant",
            "entities": [],
            "traits": [],
            "intent": "wake_word"
        },
        {
            "text": "hello assistant",
            "entities": [],
            "traits": [],
            "intent": "wake_word"
        },
        {
            "text": "hey assistant",
            "entities": [],
            "traits": [],
            "intent": "wake_word"
        },
        {
            "text": "hi assistant",
            "entities": [],
            "traits": [],
            "intent": "wake_word"
        }
    ]
}
