{
    "name": "wake_word",
    "roles": [
        "wake_word"
    ],
    "lookups": [
        "free-text",
        "keywords"
    ],
    "keywords": [
        {
            "keyword": "hey",
            "synonyms": [
                "hey",
                "hi"
            ]
        },
        {
            "keyword": "hey quest",
            "synonyms": [
                "ey quest",
                "hey quest"
            ]
        },
        {
            "keyword": "hey west",
            "synonyms": [
                "hey west",
                "quest listen"
            ]
        }
    ]
}
