{
    "name": "wake_word",
    "roles": [
        "wake_word"
    ],
    "lookups": [
        "free-text",
        "keywords"
    ],
    "keywords": [
        {
            "keyword": "assistant",
            "synonyms": [
                "assistant"
            ]
        },
        {
            "keyword": "hello assistant",
            "synonyms": [
                "hello",
                "hello assistant"
            ]
        },
        {
            "keyword": "hey assistant",
            "synonyms": [
                "hey assistant"
            ]
        }
    ]
}
