{
    "name": "vrtan_wake",
    "roles": [
        "vrtan_wake"
    ],
    "lookups": [
        "free-text",
        "keywords"
    ],
    "keywords": [
        {
            "keyword": "figyu",
            "synonyms": [
                "figy",
                "figyelj",
                "figyu"
            ]
        },
        {
            "keyword": "hello",
            "synonyms": [
                "hello",
                "hi",
                "szia"
            ]
        },
        {
            "keyword": "k\u00e9rdez",
            "synonyms": [
                "kerdez",
                "k\u00e9rdez",
                "k\u00e9rem"
            ]
        },
        {
            "keyword": "k\u00e9rdezn\u00e9k",
            "synonyms": [
                "k\u00e9rdezn\u00e9k"
            ]
        },
        {
            "keyword": "k\u00e9rd\u00e9s",
            "synonyms": [
                "k\u00e9rd\u00e9s"
            ]
        },
        {
            "keyword": "lenne egy k\u00e9rd\u00e9sem",
            "synonyms": [
                "lenne egy k\u00e9rd\u00e9sem"
            ]
        }
    ]
}
