{
    "utterances": [
        {
            "text": "egy k\u00e9rd\u00e9s",
            "entities": [
                {
                    "entity": "vrtan_wake:vrtan_wake",
                    "start": 4,
                    "end": 10,
                    "body": "k\u00e9rd\u00e9s",
                    "entities": []
                }
            ],
            "traits": [],
            "intent": "vrtan_wake"
        },
        {
            "text": "k\u00e9rdezhetek",
            "entities": [
                {
                    "entity": "vrtan_wake:vrtan_wake",
                    "start": 0,
                    "end": 6,
                    "body": "k\u00e9rdez",
                    "entities": []
                }
            ],
            "traits": [],
            "intent": "vrtan_wake"
        },
        {
            "text": "k\u00e9rdezn\u00e9k",
            "entities": [
                {
                    "entity": "vrtan_wake:vrtan_wake",
                    "start": 0,
                    "end": 9,
                    "body": "k\u00e9rdezn\u00e9k",
                    "entities": []
                }
            ],
            "traits": [],
            "intent": "vrtan_wake"
        },
        {
            "text": "k\u00e9rd\u00e9s",
            "entities": [
                {
                    "entity": "vrtan_wake:vrtan_wake",
                    "start": 0,
                    "end": 6,
                    "body": "k\u00e9rd\u00e9s",
                    "entities": []
                }
            ],
            "traits": [],
            "intent": "vrtan_wake"
        },
        {
            "text": "lenne egy k\u00e9rd\u00e9sem",
            "entities": [
                {
                    "entity": "vrtan_wake:vrtan_wake",
                    "start": 0,
                    "end": 18,
                    "body": "lenne egy k\u00e9rd\u00e9sem",
                    "entities": []
                }
            ],
            "traits": [],
            "intent": "vrtan_wake"
        }
    ]
}
